,4740_pos,4740_neg,5699_pos,5699_neg,4775_pos,4775_neg,4577_pos,4577_neg,5880_pos,5880_neg,5701_pos,5701_neg,3799_pos,3799_neg,3571_pos,3571_neg,4723_pos,4723_neg,4888_pos,4888_neg,4584_pos,4584_neg,7888_pos,7888_neg,4901_pos,4901_neg,4763_pos,4763_neg
0,0.8925985254431292,-0.0,0.8925985254431291,-0.0,0.8925985254431291,-0.0,0.8925985254431291,-0.0,0.8925985254431292,-0.0,0.8925985254431291,-0.0,0.8925985254431291,-0.0,0.8925985254431291,-0.0,0.8925985254431291,-0.0,0.8925985254431291,-0.0,0.8925985254431292,-0.0,0.8925985254431291,-0.0,0.8925985254431291,-0.0,0.8925985254431291,-0.0
1,0.8925985254431292,-0.0,0.8925985254431291,-0.0,0.8925985254431291,-0.0,0.8925985254431291,-0.0,0.8925985254431292,-0.0,0.8925985254431291,-0.0,0.8925985254431291,-0.0,0.8925985254431291,-0.0,0.8925985254431291,-0.0,0.8925985254431291,-0.0,0.8925985254431292,-0.0,0.8925985254431291,-0.0,0.8925985254431291,-0.0,0.8925985254431291,-0.0
2,0.8925985254431292,-0.0,0.8925985254431291,-0.0,0.8925985254431291,-0.0,0.8925985254431291,-0.0,0.8925985254431292,-0.0,0.8925985254431291,-0.0,0.8925985254431291,-0.0,0.8925985254431291,-0.0,0.8925985254431291,-0.0,0.8925985254431291,-0.0,0.8925985254431292,-0.0,0.8925985254431291,-0.0,0.8925985254431291,-0.0,0.8925985254431291,-0.0
3,0.8925985254431292,-0.0,0.8925985254431291,-0.0,0.8925985254431291,-0.0,0.8925985254431291,-0.0,0.8925985254431292,-0.0,0.8925985254431291,-0.0,0.8925985254431291,-0.0,0.8925985254431291,-0.0,0.8925985254431291,-0.0,0.8925985254431291,-0.0,0.8925985254431292,-0.0,0.8925985254431291,-0.0,0.8925985254431291,-0.0,0.8925985254431291,-0.0
4,0.8925985254431292,-0.0,0.8925985254431291,-0.0,0.8925985254431291,-0.0,0.8925985254431291,-0.0,0.8925985254431292,-0.0,0.8925985254431291,-0.0,0.8925985254431291,-0.0,0.8925985254431291,-0.0,0.8925985254431291,-0.0,0.8925985254431291,-0.0,0.8925985254431292,-0.0,0.8925985254431291,-0.0,0.8925985254431291,-0.0,0.8925985254431291,-0.0
5,0.8925985254431292,-0.0,0.8925985254431291,-0.0,0.8925985254431291,-0.0,0.8925985254431291,-0.0,0.8925985254431292,-0.0,0.8925985254431291,-0.0,0.8925985254431291,-0.0,0.8925985254431291,-0.0,0.8925985254431291,-0.0,0.8925985254431291,-0.0,0.8925985254431292,-0.0,0.8925985254431291,-0.0,0.8925985254431291,-0.0,0.8925985254431291,-0.0
6,0.8925985254431292,-0.0,0.8925985254431291,-0.0,0.8925985254431291,-0.0,0.8925985254431291,-0.0,0.8925985254431292,-0.0,0.8925985254431291,-0.0,0.8925985254431291,-0.0,0.8925985254431291,-0.0,0.8925985254431291,-0.0,0.8925985254431291,-0.0,0.8925985254431292,-0.0,0.8925985254431291,-0.0,0.8925985254431291,-0.0,0.8925985254431291,-0.0
7,0.8925985254431292,-0.0,0.8925985254431291,-0.0,0.8925985254431291,-0.0,0.8925985254431291,-0.0,0.8925985254431292,-0.0,0.8925985254431291,-0.0,0.8925985254431291,-0.0,0.8925985254431291,-0.0,0.8925985254431291,-0.0,0.8925985254431291,-0.0,0.8925985254431292,-0.0,0.8925985254431291,-0.0,0.8925985254431291,-0.0,0.8925985254431291,-0.0
8,0.8925985254431292,-0.0,0.8925985254431291,-0.0,0.8925985254431291,-0.0,0.8925985254431291,-0.0,0.8925985254431292,-0.0,0.8925985254431291,-0.0,0.8925985254431291,-0.0,0.8925985254431291,-0.0,0.8925985254431291,-0.0,0.8925985254431291,-0.0,0.8925985254431292,-0.0,0.8925985254431291,-0.0,0.8925985254431291,-0.0,0.8925985254431291,-0.0
9,0.8925985254431292,-0.0,0.8925985254431291,-0.0,0.8925985254431291,-0.0,0.8925985254431291,-0.0,0.8925985254431292,-0.0,0.8925985254431291,-0.0,0.8925985254431291,-0.0,0.8925985254431291,-0.0,0.8925985254431291,-0.0,0.8925985254431291,-0.0,0.8925985254431292,-0.0,0.8925985254431291,-0.0,0.8925985254431291,-0.0,0.8925985254431291,-0.0
10,0.8925985254431292,-0.0,0.8925985254431291,-0.0,0.8925985254431291,-0.0,0.8925985254431291,-0.0,0.8925985254431292,-0.0,0.8925985254431291,-0.0,0.8925985254431291,-0.0,0.8925985254431291,-0.0,0.8925985254431291,-0.0,0.8925985254431291,-0.0,0.8925985254431292,-0.0,0.8925985254431291,-0.0,0.8925985254431291,-0.0,0.8925985254431291,-0.0
11,0.8925985254431292,-0.0,0.8925985254431291,-0.0,0.8925985254431291,-0.0,0.8925985254431291,-0.0,0.8925985254431292,-0.0,0.8925985254431291,-0.0,0.8925985254431291,-0.0,0.8925985254431291,-0.0,0.8925985254431291,-0.0,0.8925985254431291,-0.0,0.8925985254431292,-0.0,0.8925985254431291,-0.0,0.8925985254431291,-0.0,0.8925985254431291,-0.0
12,0.8925985254431292,-0.0,0.8925985254431291,-0.0,0.8925985254431291,-0.0,0.8925985254431291,-0.0,0.8925985254431292,-0.0,0.8925985254431291,-0.0,0.8925985254431291,-0.0,0.8925985254431291,-0.0,0.8925985254431291,-0.0,0.8925985254431291,-0.0,0.8925985254431292,-0.0,0.8925985254431291,-0.0,0.8925985254431291,-0.0,0.8925985254431291,-0.0
13,0.8925985254431292,-0.0,0.8925985254431291,-0.0,0.8925985254431291,-0.0,0.8925985254431291,-0.0,0.8925985254431292,-0.0,0.8925985254431291,-0.0,0.8925985254431291,-0.0,0.8925985254431291,-0.0,0.8925985254431291,-0.0,0.8925985254431291,-0.0,0.8925985254431292,-0.0,0.8925985254431291,-0.0,0.8925985254431291,-0.0,0.8925985254431291,-0.0
14,0.8925985254431292,-0.0,0.8925985254431291,-0.0,0.8925985254431291,-0.0,0.8925985254431291,-0.0,0.8925985254431292,-0.0,0.8925985254431291,-0.0,0.8925985254431291,-0.0,0.8925985254431291,-0.0,0.8925985254431291,-0.0,0.8925985254431291,-0.0,0.8925985254431292,-0.0,0.8925985254431291,-0.0,0.8925985254431291,-0.0,0.8925985254431291,-0.0
15,0.8925985254431292,-0.0,0.8925985254431291,-0.0,0.8925985254431291,-0.0,0.8925985254431291,-0.0,0.8925985254431292,-0.0,0.8925985254431291,-0.0,0.8925985254431291,-0.0,0.8925985254431291,-0.0,0.8925985254431291,-0.0,0.8925985254431291,-0.0,0.8925985254431292,-0.0,0.8925985254431291,-0.0,0.8925985254431291,-0.0,0.8925985254431291,-0.0
16,0.8925985254431292,-0.0,0.8925985254431291,-0.0,0.8925985254431291,-0.0,0.8925985254431291,-0.0,0.8925985254431292,-0.0,0.8925985254431291,-0.0,0.8925985254431291,-0.0,0.8925985254431291,-0.0,0.8925985254431291,-0.0,0.8925985254431291,-0.0,0.8925985254431292,-0.0,0.8925985254431291,-0.0,0.8925985254431291,-0.0,0.8925985254431291,-0.0
17,0.8925985254431292,-0.0,0.8925985254431291,-0.0,0.8925985254431291,-0.0,0.8925985254431291,-0.0,0.8925985254431292,-0.0,0.8925985254431291,-0.0,0.8925985254431291,-0.0,0.8925985254431291,-0.0,0.8925985254431291,-0.0,0.8925985254431291,-0.0,0.8925985254431292,-0.0,0.8925985254431291,-0.0,0.8925985254431291,-0.0,0.8925985254431291,-0.0
18,0.8925985254431292,-0.0,0.8925985254431291,-0.0,0.8925985254431291,-0.0,0.8925985254431291,-0.0,0.8925985254431292,-0.0,0.8925985254431291,-0.0,0.8925985254431291,-0.0,0.8925985254431291,-0.0,0.8925985254431291,-0.0,0.8925985254431291,-0.0,0.8925985254431292,-0.0,0.8925985254431291,-0.0,0.8925985254431291,-0.0,0.8925985254431291,-0.0
19,0.8925985254431292,-0.0,0.8925985254431291,-0.0,0.8925985254431291,-0.0,0.8925985254431291,-0.0,0.8925985254431292,-0.0,0.8925985254431291,-0.0,0.8925985254431291,-0.0,0.8925985254431291,-0.0,0.8925985254431291,-0.0,0.8925985254431291,-0.0,0.8925985254431292,-0.0,0.8925985254431291,-0.0,0.8925985254431291,-0.0,0.8925985254431291,-0.0
20,0.8925985254431292,-0.0,0.8925985254431291,-0.0,0.8925985254431291,-0.0,0.8925985254431291,-0.0,0.8925985254431292,-0.0,0.8925985254431291,-0.0,0.8925985254431291,-0.0,0.8925985254431291,-0.0,0.8925985254431291,-0.0,0.8925985254431291,-0.0,0.8925985254431292,-0.0,0.8925985254431291,-0.0,0.8925985254431291,-0.0,0.8925985254431291,-0.0
21,0.8925985254431292,-0.0,0.8925985254431291,-0.0,0.8925985254431291,-0.0,0.8925985254431291,-0.0,0.8925985254431292,-0.0,0.8925985254431291,-0.0,0.8925985254431291,-0.0,0.8925985254431291,-0.0,0.8925985254431291,-0.0,0.8925985254431291,-0.0,0.8925985254431292,-0.0,0.8925985254431291,-0.0,0.8925985254431291,-0.0,0.8925985254431291,-0.0
22,0.8925985254431292,-0.0,0.8925985254431291,-0.0,0.8925985254431291,-0.0,0.8925985254431291,-0.0,0.8925985254431292,-0.0,0.8925985254431291,-0.0,0.8925985254431291,-0.0,0.8925985254431291,-0.0,0.8925985254431291,-0.0,0.8925985254431291,-0.0,0.8925985254431292,-0.0,0.8925985254431291,-0.0,0.8925985254431291,-0.0,0.8925985254431291,-0.0
23,0.8925985254431292,-0.0,0.8925985254431291,-0.0,0.8925985254431291,-0.0,0.8925985254431291,-0.0,0.8925985254431292,-0.0,0.8925985254431291,-0.0,0.8925985254431291,-0.0,0.8925985254431291,-0.0,0.8925985254431291,-0.0,0.8925985254431291,-0.0,0.8925985254431292,-0.0,0.8925985254431291,-0.0,0.8925985254431291,-0.0,0.8925985254431291,-0.0
24,0.8925985254431292,-0.0,0.8925985254431291,-0.0,0.8925985254431291,-0.0,0.8925985254431291,-0.0,0.8925985254431292,-0.0,0.8925985254431291,-0.0,0.8925985254431291,-0.0,0.8925985254431291,-0.0,0.8925985254431291,-0.0,0.8925985254431291,-0.0,0.8925985254431292,-0.0,0.8925985254431291,-0.0,0.8925985254431291,-0.0,0.8925985254431291,-0.0
25,0.8925985254431292,-0.0,0.8925985254431291,-0.0,0.8925985254431291,-0.0,0.8925985254431291,-0.0,0.8925985254431292,-0.0,0.8925985254431291,-0.0,0.8925985254431291,-0.0,0.8925985254431291,-0.0,0.8925985254431291,-0.0,0.8925985254431291,-0.0,0.8925985254431292,-0.0,0.8925985254431291,-0.0,0.8925985254431291,-0.0,0.8925985254431291,-0.0
26,0.8925985254431292,-0.0,0.8925985254431291,-0.0,0.8925985254431291,-0.0,0.8925985254431291,-0.0,0.8925985254431292,-0.0,0.8925985254431291,-0.0,0.8925985254431291,-0.0,0.8925985254431291,-0.0,0.8925985254431291,-0.0,0.8925985254431291,-0.0,0.8925985254431292,-0.0,0.8925985254431291,-0.0,0.8925985254431291,-0.0,0.8925985254431291,-0.0
27,0.8925985254431292,-0.0,0.8925985254431291,-0.0,0.8925985254431291,-0.0,0.8925985254431291,-0.0,0.8925985254431292,-0.0,0.8925985254431291,-0.0,0.8925985254431291,-0.0,0.8925985254431291,-0.0,0.8925985254431291,-0.0,0.8925985254431291,-0.0,0.8925985254431292,-0.0,0.8925985254431291,-0.0,0.8925985254431291,-0.0,0.8925985254431291,-0.0
28,0.8925985254431292,-0.0,0.8925985254431291,-0.0,0.8925985254431291,-0.0,0.8925985254431291,-0.0,0.8925985254431292,-0.0,0.8925985254431291,-0.0,0.8925985254431291,-0.0,0.8925985254431291,-0.0,0.8925985254431291,-0.0,0.8925985254431291,-0.0,0.8925985254431292,-0.0,0.8925985254431291,-0.0,0.8925985254431291,-0.0,0.8925985254431291,-0.0
29,0.8925985254431292,-0.0,0.8925985254431291,-0.0,0.8925985254431291,-0.0,0.8925985254431291,-0.0,0.8925985254431292,-0.0,0.8925985254431291,-0.0,0.8925985254431291,-0.0,0.8925985254431291,-0.0,0.8925985254431291,-0.0,0.8925985254431291,-0.0,0.8925985254431292,-0.0,0.8925985254431291,-0.0,0.8925985254431291,-0.0,0.8925985254431291,-0.0
30,0.8925985254431292,-0.0,0.8925985254431291,-0.0,0.8925985254431291,-0.0,0.8925985254431291,-0.0,0.8925985254431292,-0.0,0.8925985254431291,-0.0,0.8925985254431291,-0.0,0.8925985254431291,-0.0,0.8925985254431291,-0.0,0.8925985254431291,-0.0,0.8925985254431292,-0.0,0.8925985254431291,-0.0,0.8925985254431291,-0.0,0.8925985254431291,-0.0
31,0.8925985254431292,-0.0,0.8925985254431291,-0.0,0.8925985254431291,-0.0,0.8925985254431291,-0.0,0.8925985254431292,-0.0,0.8925985254431291,-0.0,0.8925985254431291,-0.0,0.8925985254431291,-0.0,0.8925985254431291,-0.0,0.8925985254431291,-0.0,0.8925985254431292,-0.0,0.8925985254431291,-0.0,0.8925985254431291,-0.0,0.8925985254431291,-0.0
32,0.8925985254431292,-0.0,0.8925985254431291,-0.0,0.8925985254431291,-0.0,0.8925985254431291,-0.0,0.8925985254431292,-0.0,0.8925985254431291,-0.0,0.8925985254431291,-0.0,0.8925985254431291,-0.0,0.8925985254431291,-0.0,0.8925985254431291,-0.0,0.8925985254431292,-0.0,0.8925985254431291,-0.0,0.8925985254431291,-0.0,0.8925985254431291,-0.0
33,0.8925985254431292,-0.0,0.8925985254431291,-0.0,0.8925985254431291,-0.0,0.8925985254431291,-0.0,0.8925985254431292,-0.0,0.8925985254431291,-0.0,0.8925985254431291,-0.0,0.8925985254431291,-0.0,0.8925985254431291,-0.0,0.8925985254431291,-0.0,0.8925985254431292,-0.0,0.8925985254431291,-0.0,0.8925985254431291,-0.0,0.8925985254431291,-0.0
34,0.8925985254431292,-0.0,0.8925985254431291,-0.0,0.8925985254431291,-0.0,0.8925985254431291,-0.0,0.8925985254431292,-0.0,0.8925985254431291,-0.0,0.8925985254431291,-0.0,0.8925985254431291,-0.0,0.8925985254431291,-0.0,0.8925985254431291,-0.0,0.8925985254431292,-0.0,0.8925985254431291,-0.0,0.8925985254431291,-0.0,0.8925985254431291,-0.0
35,0.8925985254431292,-0.0,0.8925985254431291,-0.0,0.8925985254431291,-0.0,0.8925985254431291,-0.0,0.8925985254431292,-0.0,0.8925985254431291,-0.0,0.8925985254431291,-0.0,0.8925985254431291,-0.0,0.8925985254431291,-0.0,0.8925985254431291,-0.0,0.8925985254431292,-0.0,0.8925985254431291,-0.0,0.8925985254431291,-0.0,0.8925985254431291,-0.0
36,0.8925985254431292,-0.0,0.8925985254431291,-0.0,0.8925985254431291,-0.0,0.8925985254431291,-0.0,0.8925985254431292,-0.0,0.8925985254431291,-0.0,0.8925985254431291,-0.0,0.8925985254431291,-0.0,0.8925985254431291,-0.0,0.8925985254431291,-0.0,0.8925985254431292,-0.0,0.8925985254431291,-0.0,0.8925985254431291,-0.0,0.8925985254431291,-0.0
37,0.8925985254431292,-0.0,0.8925985254431291,-0.0,0.8925985254431291,-0.0,0.8925985254431291,-0.0,0.8925985254431292,-0.0,0.8925985254431291,-0.0,0.8925985254431291,-0.0,0.8925985254431291,-0.0,0.8925985254431291,-0.0,0.8925985254431291,-0.0,0.8925985254431292,-0.0,0.8925985254431291,-0.0,0.8925985254431291,-0.0,0.8925985254431291,-0.0
38,0.8925985254431292,-0.0,0.8925985254431291,-0.0,0.8925985254431291,-0.0,0.8925985254431291,-0.0,0.8925985254431292,-0.0,0.8925985254431291,-0.0,0.8925985254431291,-0.0,0.8925985254431291,-0.0,0.8925985254431291,-0.0,0.8925985254431291,-0.0,0.8925985254431292,-0.0,0.8925985254431291,-0.0,0.8925985254431291,-0.0,0.8925985254431291,-0.0
39,0.8925985254431292,-0.0,0.8925985254431291,-0.0,0.8925985254431291,-0.0,0.8925985254431291,-0.0,0.8925985254431292,-0.0,0.8925985254431291,-0.0,0.8925985254431291,-0.0,0.8925985254431291,-0.0,0.8925985254431291,-0.0,0.8925985254431291,-0.0,0.8925985254431292,-0.0,0.8925985254431291,-0.0,0.8925985254431291,-0.0,0.8925985254431291,-0.0
40,0.8925985254431292,-0.0,0.8925985254431291,-0.0,0.8925985254431291,-0.0,0.8925985254431291,-0.0,0.8925985254431292,-0.0,0.8925985254431291,-0.0,0.8925985254431291,-0.0,0.8925985254431291,-0.0,0.8925985254431291,-0.0,0.8925985254431291,-0.0,0.8925985254431292,-0.0,0.8925985254431291,-0.0,0.8925985254431291,-0.0,0.8925985254431291,-0.0
41,0.8925985254431292,-0.0,0.8925985254431291,-0.0,0.8925985254431291,-0.0,0.8925985254431291,-0.0,0.8925985254431292,-0.0,0.8925985254431291,-0.0,0.8925985254431291,-0.0,0.8925985254431291,-0.0,0.8925985254431291,-0.0,0.8925985254431291,-0.0,0.8925985254431292,-0.0,0.8925985254431291,-0.0,0.8925985254431291,-0.0,0.8925985254431291,-0.0
42,0.8925985254431292,-0.0,0.8925985254431291,-0.0,0.8925985254431291,-0.0,0.8925985254431291,-0.0,0.8925985254431292,-0.0,0.8925985254431291,-0.0,0.8925985254431291,-0.0,0.8925985254431291,-0.0,0.8925985254431291,-0.0,0.8925985254431291,-0.0,0.8925985254431292,-0.0,0.8925985254431291,-0.0,0.8925985254431291,-0.0,0.8925985254431291,-0.0
43,0.8925985254431292,-0.0,0.8925985254431291,-0.0,0.8925985254431291,-0.0,0.8925985254431291,-0.0,0.8925985254431292,-0.0,0.8925985254431291,-0.0,0.8925985254431291,-0.0,0.8925985254431291,-0.0,0.8925985254431291,-0.0,0.8925985254431291,-0.0,0.8925985254431292,-0.0,0.8925985254431291,-0.0,0.8925985254431291,-0.0,0.8925985254431291,-0.0
44,0.8925985254431292,-0.0,0.8925985254431291,-0.0,0.8925985254431291,-0.0,0.8925985254431291,-0.0,0.8925985254431292,-0.0,0.8925985254431291,-0.0,0.8925985254431291,-0.0,0.8925985254431291,-0.0,0.8925985254431291,-0.0,0.8925985254431291,-0.0,0.8925985254431292,-0.0,0.8925985254431291,-0.0,0.8925985254431291,-0.0,0.8925985254431291,-0.0
45,0.8925985254431292,-0.0,0.8925985254431291,-0.0,0.8925985254431291,-0.0,0.8925985254431291,-0.0,0.8925985254431292,-0.0,0.8925985254431291,-0.0,0.8925985254431291,-0.0,0.8925985254431291,-0.0,0.8925985254431291,-0.0,0.8925985254431291,-0.0,0.8925985254431292,-0.0,0.8925985254431291,-0.0,0.8925985254431291,-0.0,0.8925985254431291,-0.0
46,0.8925985254431292,-0.0,0.8925985254431291,-0.0,0.8925985254431291,-0.0,0.8925985254431291,-0.0,0.8925985254431292,-0.0,0.8925985254431291,-0.0,0.8925985254431291,-0.0,0.8925985254431291,-0.0,0.8925985254431291,-0.0,0.8925985254431291,-0.0,0.8925985254431292,-0.0,0.8925985254431291,-0.0,0.8925985254431291,-0.0,0.8925985254431291,-0.0
47,0.8925985254431292,-0.0,0.8925985254431291,-0.0,0.8925985254431291,-0.0,0.8925985254431291,-0.0,0.8925985254431292,-0.0,0.8925985254431291,-0.0,0.8925985254431291,-0.0,0.8925985254431291,-0.0,0.8925985254431291,-0.0,0.8925985254431291,-0.0,0.8925985254431292,-0.0,0.8925985254431291,-0.0,0.8925985254431291,-0.0,0.8925985254431291,-0.0
48,0.8925985254431292,-0.0,0.8925985254431291,-0.0,0.8925985254431291,-0.0,0.8925985254431291,-0.0,0.8925985254431292,-0.0,0.8925985254431291,-0.0,0.8925985254431291,-0.0,0.8925985254431291,-0.0,0.8925985254431291,-0.0,0.8925985254431291,-0.0,0.8925985254431292,-0.0,0.8925985254431291,-0.0,0.8925985254431291,-0.0,0.8925985254431291,-0.0
49,0.8925985254431292,-0.0,0.8925985254431291,-0.0,0.8925985254431291,-0.0,0.8925985254431291,-0.0,0.8925985254431292,-0.0,0.8925985254431291,-0.0,0.8925985254431291,-0.0,0.8925985254431291,-0.0,0.8925985254431291,-0.0,0.8925985254431291,-0.0,0.8925985254431292,-0.0,0.8925985254431291,-0.0,0.8925985254431291,-0.0,0.8925985254431291,-0.0
50,0.8925985254431292,-0.0,0.8925985254431291,-0.0,0.8925985254431291,-0.0,0.8925985254431291,-0.0,0.8925985254431292,-0.0,0.8925985254431291,-0.0,0.8925985254431291,-0.0,0.8925985254431291,-0.0,0.8925985254431291,-0.0,0.8925985254431291,-0.0,0.8925985254431292,-0.0,0.8925985254431291,-0.0,0.8925985254431291,-0.0,0.8925985254431291,-0.0
51,0.8925985254431292,-0.0,0.8925985254431291,-0.0,0.8925985254431291,-0.0,0.8925985254431291,-0.0,0.8925985254431292,-0.0,0.8925985254431291,-0.0,0.8925985254431291,-0.0,0.8925985254431291,-0.0,0.8925985254431291,-0.0,0.8925985254431291,-0.0,0.8925985254431292,-0.0,0.8925985254431291,-0.0,0.8925985254431291,-0.0,0.8925985254431291,-0.0
52,0.8925985254431292,-0.0,0.8925985254431291,-0.0,0.8925985254431291,-0.0,0.8925985254431291,-0.0,0.8925985254431292,-0.0,0.8925985254431291,-0.0,0.8925985254431291,-0.0,0.8925985254431291,-0.0,0.8925985254431291,-0.0,0.8925985254431291,-0.0,0.8925985254431292,-0.0,0.8925985254431291,-0.0,0.8925985254431291,-0.0,0.8925985254431291,-0.0
53,0.8925985254431292,-0.0,0.8925985254431291,-0.0,0.8925985254431291,-0.0,0.8925985254431291,-0.0,0.8925985254431292,-0.0,0.8925985254431291,-0.0,0.8925985254431291,-0.0,0.8925985254431291,-0.0,0.8925985254431291,-0.0,0.8925985254431291,-0.0,0.8925985254431292,-0.0,0.8925985254431291,-0.0,0.8925985254431291,-0.0,0.8925985254431291,-0.0
54,0.3707561661519912,-0.521842359291138,0.3707561661522126,-0.5218423592909166,0.3707561661520954,-0.5218423592910337,0.3707561661522126,-0.5218423592909166,0.3707561661519912,-0.521842359291138,0.3707561661519284,-0.5218423592912008,0.37075616615185913,-0.52184235929127,0.3707561661522544,-0.5218423592908749,0.370756166151894,-0.5218423592912352,0.3707561661519284,-0.5218423592912008,0.3707561661519912,-0.521842359291138,0.3707561661520954,-0.5218423592910337,0.37075616615231954,-0.5218423592908096,0.3707561661520411,-0.521842359291088
55,0.14259852544312915,-0.75,0.14259852544312915,-0.7499999999999999,0.14259852544312918,-0.7499999999999999,0.14259852544312915,-0.7499999999999999,0.14259852544312915,-0.75,0.14259852544312915,-0.75,0.14259852544312915,-0.75,0.14259852544312918,-0.7499999999999999,0.14259852544312918,-0.7499999999999999,0.14259852544312915,-0.75,0.14259852544312915,-0.75,0.14259852544312918,-0.7499999999999999,0.14259852544312915,-0.75,0.14259852544312915,-0.75
56,0.6348349865065303,-0.257763538936599,0.6348349865066971,-0.25776353893643206,0.6348349865066085,-0.2577635389365206,0.6348349865066971,-0.25776353893643206,0.6348349865065303,-0.257763538936599,0.6348349865064831,-0.25776353893664616,0.6348349865064307,-0.2577635389366984,0.6348349865067284,-0.2577635389364007,0.634834986506457,-0.2577635389366722,0.6348349865064831,-0.25776353893664616,0.6348349865065303,-0.257763538936599,0.6348349865066085,-0.2577635389365206,0.6348349865067773,-0.2577635389363518,0.6348349865065677,-0.2577635389365615
57,0.14259852544312915,-0.75,0.14259852544312915,-0.7499999999999999,0.14259852544312918,-0.7499999999999999,0.14259852544312915,-0.7499999999999999,0.14259852544312915,-0.75,0.14259852544312915,-0.75,0.14259852544312915,-0.75,0.14259852544312918,-0.7499999999999999,0.14259852544312918,-0.7499999999999999,0.14259852544312915,-0.75,0.14259852544312915,-0.75,0.14259852544312918,-0.7499999999999999,0.14259852544312915,-0.75,0.14259852544312915,-0.75
58,0.8925985254431292,-0.0,0.8925985254431291,-0.0,0.8925985254431291,-0.0,0.8925985254431291,-0.0,0.8925985254431292,-0.0,0.8925985254431291,-0.0,0.8925985254431291,-0.0,0.8925985254431291,-0.0,0.8925985254431291,-0.0,0.8925985254431291,-0.0,0.8925985254431292,-0.0,0.8925985254431291,-0.0,0.8925985254431291,-0.0,0.8925985254431291,-0.0
59,0.8925985254431292,-0.0,0.8925985254431291,-0.0,0.8925985254431291,-0.0,0.8925985254431291,-0.0,0.8925985254431292,-0.0,0.8925985254431291,-0.0,0.8925985254431291,-0.0,0.8925985254431291,-0.0,0.8925985254431291,-0.0,0.8925985254431291,-0.0,0.8925985254431292,-0.0,0.8925985254431291,-0.0,0.8925985254431291,-0.0,0.8925985254431291,-0.0
60,0.14259852544312915,-0.75,0.14259852544312915,-0.7499999999999999,0.14259852544312918,-0.7499999999999999,0.14259852544312915,-0.7499999999999999,0.14259852544312915,-0.75,0.14259852544312915,-0.75,0.14259852544312915,-0.75,0.14259852544312918,-0.7499999999999999,0.14259852544312918,-0.7499999999999999,0.14259852544312915,-0.75,0.14259852544312915,-0.75,0.14259852544312918,-0.7499999999999999,0.14259852544312915,-0.75,0.14259852544312915,-0.75
61,0.14259852544312915,-0.75,0.14259852544312915,-0.7499999999999999,0.14259852544312918,-0.7499999999999999,0.14259852544312915,-0.7499999999999999,0.14259852544312915,-0.75,0.14259852544312915,-0.75,0.14259852544312915,-0.75,0.14259852544312918,-0.7499999999999999,0.14259852544312918,-0.7499999999999999,0.14259852544312915,-0.75,0.14259852544312915,-0.75,0.14259852544312918,-0.7499999999999999,0.14259852544312915,-0.75,0.14259852544312915,-0.75
62,0.14259852544312915,-0.75,0.14259852544312915,-0.7499999999999999,0.14259852544312918,-0.7499999999999999,0.14259852544312915,-0.7499999999999999,0.14259852544312915,-0.75,0.14259852544312915,-0.75,0.14259852544312915,-0.75,0.14259852544312918,-0.7499999999999999,0.14259852544312918,-0.7499999999999999,0.14259852544312915,-0.75,0.14259852544312915,-0.75,0.14259852544312918,-0.7499999999999999,0.14259852544312915,-0.75,0.14259852544312915,-0.75
63,0.0,-0.8925985254431292,0.0,-0.8925985254431291,0.0,-0.8925985254431291,0.0,-0.8925985254431291,0.0,-0.8925985254431292,0.0,-0.8925985254431291,0.0,-0.8925985254431291,0.0,-0.8925985254431291,0.0,-0.8925985254431291,0.0,-0.8925985254431291,0.0,-0.8925985254431292,0.0,-0.8925985254431291,0.0,-0.8925985254431291,0.0,-0.8925985254431291
64,0.0,-0.8925985254431292,0.0,-0.8925985254431291,0.0,-0.8925985254431291,0.0,-0.8925985254431291,0.0,-0.8925985254431292,0.0,-0.8925985254431291,0.0,-0.8925985254431291,0.0,-0.8925985254431291,0.0,-0.8925985254431291,0.0,-0.8925985254431291,0.0,-0.8925985254431292,0.0,-0.8925985254431291,0.0,-0.8925985254431291,0.0,-0.8925985254431291
65,0.0,-0.8925985254431292,0.0,-0.8925985254431291,0.0,-0.8925985254431291,0.0,-0.8925985254431291,0.0,-0.8925985254431292,0.0,-0.8925985254431291,0.0,-0.8925985254431291,0.0,-0.8925985254431291,0.0,-0.8925985254431291,0.0,-0.8925985254431291,0.0,-0.8925985254431292,0.0,-0.8925985254431291,0.0,-0.8925985254431291,0.0,-0.8925985254431291
66,0.03461129258328377,-0.8579872328598455,0.03461129258328377,-0.8579872328598454,0.03461129258328378,-0.8579872328598454,0.03461129258328377,-0.8579872328598454,0.03461129258328377,-0.8579872328598455,0.03461129258328376,-0.8579872328598455,0.03461129258328378,-0.8579872328598454,0.034611292583283784,-0.8579872328598454,0.03461129258328379,-0.8579872328598454,0.03461129258328376,-0.8579872328598455,0.03461129258328377,-0.8579872328598455,0.03461129258328378,-0.8579872328598454,0.034611292583283756,-0.8579872328598455,0.03461129258328378,-0.8579872328598455
67,0.13650693794847119,-0.7560915874946579,0.13650693794847116,-0.756091587494658,0.13650693794847119,-0.756091587494658,0.13650693794847116,-0.756091587494658,0.13650693794847119,-0.7560915874946579,0.13650693794847124,-0.756091587494658,0.13650693794847127,-0.7560915874946579,0.13650693794847119,-0.7560915874946581,0.1365069379484712,-0.756091587494658,0.13650693794847124,-0.756091587494658,0.13650693794847119,-0.7560915874946579,0.13650693794847119,-0.756091587494658,0.13650693794847119,-0.756091587494658,0.13650693794847124,-0.7560915874946579
68,0.14259852544312915,-0.75,0.14259852544312915,-0.7499999999999999,0.14259852544312918,-0.7499999999999999,0.14259852544312915,-0.7499999999999999,0.14259852544312915,-0.75,0.14259852544312915,-0.75,0.14259852544312915,-0.75,0.14259852544312918,-0.7499999999999999,0.14259852544312918,-0.7499999999999999,0.14259852544312915,-0.75,0.14259852544312915,-0.75,0.14259852544312918,-0.7499999999999999,0.14259852544312915,-0.75,0.14259852544312915,-0.75
69,0.14259852544312915,-0.75,0.14259852544312915,-0.7499999999999999,0.14259852544312918,-0.7499999999999999,0.14259852544312915,-0.7499999999999999,0.14259852544312915,-0.75,0.14259852544312915,-0.75,0.14259852544312915,-0.75,0.14259852544312918,-0.7499999999999999,0.14259852544312918,-0.7499999999999999,0.14259852544312915,-0.75,0.14259852544312915,-0.75,0.14259852544312918,-0.7499999999999999,0.14259852544312915,-0.75,0.14259852544312915,-0.75
70,0.14259852544312915,-0.75,0.14259852544312915,-0.7499999999999999,0.14259852544312918,-0.7499999999999999,0.14259852544312915,-0.7499999999999999,0.14259852544312915,-0.75,0.14259852544312915,-0.75,0.14259852544312915,-0.75,0.14259852544312918,-0.7499999999999999,0.14259852544312918,-0.7499999999999999,0.14259852544312915,-0.75,0.14259852544312915,-0.75,0.14259852544312918,-0.7499999999999999,0.14259852544312915,-0.75,0.14259852544312915,-0.75
71,0.8925985254431292,-0.0,0.8925985254431291,-0.0,0.8925985254431291,-0.0,0.8925985254431291,-0.0,0.8925985254431292,-0.0,0.8925985254431291,-0.0,0.8925985254431291,-0.0,0.8925985254431291,-0.0,0.8925985254431291,-0.0,0.8925985254431291,-0.0,0.8925985254431292,-0.0,0.8925985254431291,-0.0,0.8925985254431291,-0.0,0.8925985254431291,-0.0
72,0.8925985254431292,-0.0,0.8925985254431291,-0.0,0.8925985254431291,-0.0,0.8925985254431291,-0.0,0.8925985254431292,-0.0,0.8925985254431291,-0.0,0.8925985254431291,-0.0,0.8925985254431291,-0.0,0.8925985254431291,-0.0,0.8925985254431291,-0.0,0.8925985254431292,-0.0,0.8925985254431291,-0.0,0.8925985254431291,-0.0,0.8925985254431291,-0.0
73,0.8925985254431292,-0.0,0.8925985254431291,-0.0,0.8925985254431291,-0.0,0.8925985254431291,-0.0,0.8925985254431292,-0.0,0.8925985254431291,-0.0,0.8925985254431291,-0.0,0.8925985254431291,-0.0,0.8925985254431291,-0.0,0.8925985254431291,-0.0,0.8925985254431292,-0.0,0.8925985254431291,-0.0,0.8925985254431291,-0.0,0.8925985254431291,-0.0
74,0.8925985254431292,-0.0,0.8925985254431291,-0.0,0.8925985254431291,-0.0,0.8925985254431291,-0.0,0.8925985254431292,-0.0,0.8925985254431291,-0.0,0.8925985254431291,-0.0,0.8925985254431291,-0.0,0.8925985254431291,-0.0,0.8925985254431291,-0.0,0.8925985254431292,-0.0,0.8925985254431291,-0.0,0.8925985254431291,-0.0,0.8925985254431291,-0.0
75,0.8925985254431292,-0.0,0.8925985254431291,-0.0,0.8925985254431291,-0.0,0.8925985254431291,-0.0,0.8925985254431292,-0.0,0.8925985254431291,-0.0,0.8925985254431291,-0.0,0.8925985254431291,-0.0,0.8925985254431291,-0.0,0.8925985254431291,-0.0,0.8925985254431292,-0.0,0.8925985254431291,-0.0,0.8925985254431291,-0.0,0.8925985254431291,-0.0
76,0.8925985254431292,-0.0,0.8925985254431291,-0.0,0.8925985254431291,-0.0,0.8925985254431291,-0.0,0.8925985254431292,-0.0,0.8925985254431291,-0.0,0.8925985254431291,-0.0,0.8925985254431291,-0.0,0.8925985254431291,-0.0,0.8925985254431291,-0.0,0.8925985254431292,-0.0,0.8925985254431291,-0.0,0.8925985254431291,-0.0,0.8925985254431291,-0.0
77,0.8925985254431292,-0.0,0.8925985254431291,-0.0,0.8925985254431291,-0.0,0.8925985254431291,-0.0,0.8925985254431292,-0.0,0.8925985254431291,-0.0,0.8925985254431291,-0.0,0.8925985254431291,-0.0,0.8925985254431291,-0.0,0.8925985254431291,-0.0,0.8925985254431292,-0.0,0.8925985254431291,-0.0,0.8925985254431291,-0.0,0.8925985254431291,-0.0
78,0.8925985254431292,-0.0,0.8925985254431291,-0.0,0.8925985254431291,-0.0,0.8925985254431291,-0.0,0.8925985254431292,-0.0,0.8925985254431291,-0.0,0.8925985254431291,-0.0,0.8925985254431291,-0.0,0.8925985254431291,-0.0,0.8925985254431291,-0.0,0.8925985254431292,-0.0,0.8925985254431291,-0.0,0.8925985254431291,-0.0,0.8925985254431291,-0.0
79,0.2851970508862583,-0.6074014745568709,0.2851970508862583,-0.6074014745568709,0.2851970508862583,-0.6074014745568709,0.2851970508862583,-0.6074014745568709,0.2851970508862583,-0.6074014745568709,0.2851970508862584,-0.6074014745568708,0.28519705088625835,-0.6074014745568708,0.2851970508862583,-0.6074014745568709,0.28519705088625835,-0.6074014745568709,0.2851970508862584,-0.6074014745568708,0.2851970508862583,-0.6074014745568709,0.2851970508862583,-0.6074014745568709,0.28519705088625824,-0.6074014745568709,0.28519705088625824,-0.6074014745568709
80,0.8925985254431292,-0.0,0.8925985254431291,-0.0,0.8925985254431291,-0.0,0.8925985254431291,-0.0,0.8925985254431292,-0.0,0.8925985254431291,-0.0,0.8925985254431291,-0.0,0.8925985254431291,-0.0,0.8925985254431291,-0.0,0.8925985254431291,-0.0,0.8925985254431292,-0.0,0.8925985254431291,-0.0,0.8925985254431291,-0.0,0.8925985254431291,-0.0
81,0.8925985254431292,-0.0,0.8925985254431291,-0.0,0.8925985254431291,-0.0,0.8925985254431291,-0.0,0.8925985254431292,-0.0,0.8925985254431291,-0.0,0.8925985254431291,-0.0,0.8925985254431291,-0.0,0.8925985254431291,-0.0,0.8925985254431291,-0.0,0.8925985254431292,-0.0,0.8925985254431291,-0.0,0.8925985254431291,-0.0,0.8925985254431291,-0.0
82,0.8925985254431292,-0.0,0.8925985254431291,-0.0,0.8925985254431291,-0.0,0.8925985254431291,-0.0,0.8925985254431292,-0.0,0.8925985254431291,-0.0,0.8925985254431291,-0.0,0.8925985254431291,-0.0,0.8925985254431291,-0.0,0.8925985254431291,-0.0,0.8925985254431292,-0.0,0.8925985254431291,-0.0,0.8925985254431291,-0.0,0.8925985254431291,-0.0
83,0.8925985254431292,-0.0,0.8925985254431291,-0.0,0.8925985254431291,-0.0,0.8925985254431291,-0.0,0.8925985254431292,-0.0,0.8925985254431291,-0.0,0.8925985254431291,-0.0,0.8925985254431291,-0.0,0.8925985254431291,-0.0,0.8925985254431291,-0.0,0.8925985254431292,-0.0,0.8925985254431291,-0.0,0.8925985254431291,-0.0,0.8925985254431291,-0.0
84,0.8925985254431292,-0.0,0.8925985254431291,-0.0,0.8925985254431291,-0.0,0.8925985254431291,-0.0,0.8925985254431292,-0.0,0.8925985254431291,-0.0,0.8925985254431291,-0.0,0.8925985254431291,-0.0,0.8925985254431291,-0.0,0.8925985254431291,-0.0,0.8925985254431292,-0.0,0.8925985254431291,-0.0,0.8925985254431291,-0.0,0.8925985254431291,-0.0
85,0.8925985254431292,-0.0,0.8925985254431291,-0.0,0.8925985254431291,-0.0,0.8925985254431291,-0.0,0.8925985254431292,-0.0,0.8925985254431291,-0.0,0.8925985254431291,-0.0,0.8925985254431291,-0.0,0.8925985254431291,-0.0,0.8925985254431291,-0.0,0.8925985254431292,-0.0,0.8925985254431291,-0.0,0.8925985254431291,-0.0,0.8925985254431291,-0.0
86,0.8925985254431292,-0.0,0.8925985254431291,-0.0,0.8925985254431291,-0.0,0.8925985254431291,-0.0,0.8925985254431292,-0.0,0.8925985254431291,-0.0,0.8925985254431291,-0.0,0.8925985254431291,-0.0,0.8925985254431291,-0.0,0.8925985254431291,-0.0,0.8925985254431292,-0.0,0.8925985254431291,-0.0,0.8925985254431291,-0.0,0.8925985254431291,-0.0
87,0.8925985254431292,-0.0,0.8925985254431291,-0.0,0.8925985254431291,-0.0,0.8925985254431291,-0.0,0.8925985254431292,-0.0,0.8925985254431291,-0.0,0.8925985254431291,-0.0,0.8925985254431291,-0.0,0.8925985254431291,-0.0,0.8925985254431291,-0.0,0.8925985254431292,-0.0,0.8925985254431291,-0.0,0.8925985254431291,-0.0,0.8925985254431291,-0.0
88,0.8925985254431292,-0.0,0.8925985254431291,-0.0,0.8925985254431291,-0.0,0.8925985254431291,-0.0,0.8925985254431292,-0.0,0.8925985254431291,-0.0,0.8925985254431291,-0.0,0.8925985254431291,-0.0,0.8925985254431291,-0.0,0.8925985254431291,-0.0,0.8925985254431292,-0.0,0.8925985254431291,-0.0,0.8925985254431291,-0.0,0.8925985254431291,-0.0
89,0.8925985254431292,-0.0,0.8925985254431291,-0.0,0.8925985254431291,-0.0,0.8925985254431291,-0.0,0.8925985254431292,-0.0,0.8925985254431291,-0.0,0.8925985254431291,-0.0,0.8925985254431291,-0.0,0.8925985254431291,-0.0,0.8925985254431291,-0.0,0.8925985254431292,-0.0,0.8925985254431291,-0.0,0.8925985254431291,-0.0,0.8925985254431291,-0.0
90,0.8925985254431292,-0.0,0.8925985254431291,-0.0,0.8925985254431291,-0.0,0.8925985254431291,-0.0,0.8925985254431292,-0.0,0.8925985254431291,-0.0,0.8925985254431291,-0.0,0.8925985254431291,-0.0,0.8925985254431291,-0.0,0.8925985254431291,-0.0,0.8925985254431292,-0.0,0.8925985254431291,-0.0,0.8925985254431291,-0.0,0.8925985254431291,-0.0
91,0.8925985254431292,-0.0,0.8925985254431291,-0.0,0.8925985254431291,-0.0,0.8925985254431291,-0.0,0.8925985254431292,-0.0,0.8925985254431291,-0.0,0.8925985254431291,-0.0,0.8925985254431291,-0.0,0.8925985254431291,-0.0,0.8925985254431291,-0.0,0.8925985254431292,-0.0,0.8925985254431291,-0.0,0.8925985254431291,-0.0,0.8925985254431291,-0.0
92,0.8925985254431292,-0.0,0.8925985254431291,-0.0,0.8925985254431291,-0.0,0.8925985254431291,-0.0,0.8925985254431292,-0.0,0.8925985254431291,-0.0,0.8925985254431291,-0.0,0.8925985254431291,-0.0,0.8925985254431291,-0.0,0.8925985254431291,-0.0,0.8925985254431292,-0.0,0.8925985254431291,-0.0,0.8925985254431291,-0.0,0.8925985254431291,-0.0
93,0.8925985254431292,-0.0,0.8925985254431291,-0.0,0.8925985254431291,-0.0,0.8925985254431291,-0.0,0.8925985254431292,-0.0,0.8925985254431291,-0.0,0.8925985254431291,-0.0,0.8925985254431291,-0.0,0.8925985254431291,-0.0,0.8925985254431291,-0.0,0.8925985254431292,-0.0,0.8925985254431291,-0.0,0.8925985254431291,-0.0,0.8925985254431291,-0.0
94,0.8925985254431292,-0.0,0.8925985254431291,-0.0,0.8925985254431291,-0.0,0.8925985254431291,-0.0,0.8925985254431292,-0.0,0.8925985254431291,-0.0,0.8925985254431291,-0.0,0.8925985254431291,-0.0,0.8925985254431291,-0.0,0.8925985254431291,-0.0,0.8925985254431292,-0.0,0.8925985254431291,-0.0,0.8925985254431291,-0.0,0.8925985254431291,-0.0
95,0.8925985254431292,-0.0,0.8925985254431291,-0.0,0.8925985254431291,-0.0,0.8925985254431291,-0.0,0.8925985254431292,-0.0,0.8925985254431291,-0.0,0.8925985254431291,-0.0,0.8925985254431291,-0.0,0.8925985254431291,-0.0,0.8925985254431291,-0.0,0.8925985254431292,-0.0,0.8925985254431291,-0.0,0.8925985254431291,-0.0,0.8925985254431291,-0.0
96,0.8925985254431292,-0.0,0.8925985254431291,-0.0,0.8925985254431291,-0.0,0.8925985254431291,-0.0,0.8925985254431292,-0.0,0.8925985254431291,-0.0,0.8925985254431291,-0.0,0.8925985254431291,-0.0,0.8925985254431291,-0.0,0.8925985254431291,-0.0,0.8925985254431292,-0.0,0.8925985254431291,-0.0,0.8925985254431291,-0.0,0.8925985254431291,-0.0
97,0.8925985254431292,-0.0,0.8925985254431291,-0.0,0.8925985254431291,-0.0,0.8925985254431291,-0.0,0.8925985254431292,-0.0,0.8925985254431291,-0.0,0.8925985254431291,-0.0,0.8925985254431291,-0.0,0.8925985254431291,-0.0,0.8925985254431291,-0.0,0.8925985254431292,-0.0,0.8925985254431291,-0.0,0.8925985254431291,-0.0,0.8925985254431291,-0.0
98,0.8925985254431292,-0.0,0.8925985254431291,-0.0,0.8925985254431291,-0.0,0.8925985254431291,-0.0,0.8925985254431292,-0.0,0.8925985254431291,-0.0,0.8925985254431291,-0.0,0.8925985254431291,-0.0,0.8925985254431291,-0.0,0.8925985254431291,-0.0,0.8925985254431292,-0.0,0.8925985254431291,-0.0,0.8925985254431291,-0.0,0.8925985254431291,-0.0
99,0.8925985254431292,-0.0,0.8925985254431291,-0.0,0.8925985254431291,-0.0,0.8925985254431291,-0.0,0.8925985254431292,-0.0,0.8925985254431291,-0.0,0.8925985254431291,-0.0,0.8925985254431291,-0.0,0.8925985254431291,-0.0,0.8925985254431291,-0.0,0.8925985254431292,-0.0,0.8925985254431291,-0.0,0.8925985254431291,-0.0,0.8925985254431291,-0.0
100,0.8925985254431292,-0.0,0.8925985254431291,-0.0,0.8925985254431291,-0.0,0.8925985254431291,-0.0,0.8925985254431292,-0.0,0.8925985254431291,-0.0,0.8925985254431291,-0.0,0.8925985254431291,-0.0,0.8925985254431291,-0.0,0.8925985254431291,-0.0,0.8925985254431292,-0.0,0.8925985254431291,-0.0,0.8925985254431291,-0.0,0.8925985254431291,-0.0
101,0.8925985254431292,-0.0,0.8925985254431291,-0.0,0.8925985254431291,-0.0,0.8925985254431291,-0.0,0.8925985254431292,-0.0,0.8925985254431291,-0.0,0.8925985254431291,-0.0,0.8925985254431291,-0.0,0.8925985254431291,-0.0,0.8925985254431291,-0.0,0.8925985254431292,-0.0,0.8925985254431291,-0.0,0.8925985254431291,-0.0,0.8925985254431291,-0.0
102,0.8925985254431292,-0.0,0.8925985254431291,-0.0,0.8925985254431291,-0.0,0.8925985254431291,-0.0,0.8925985254431292,-0.0,0.8925985254431291,-0.0,0.8925985254431291,-0.0,0.8925985254431291,-0.0,0.8925985254431291,-0.0,0.8925985254431291,-0.0,0.8925985254431292,-0.0,0.8925985254431291,-0.0,0.8925985254431291,-0.0,0.8925985254431291,-0.0
103,0.8925985254431292,-0.0,0.8925985254431291,-0.0,0.8925985254431291,-0.0,0.8925985254431291,-0.0,0.8925985254431292,-0.0,0.8925985254431291,-0.0,0.8925985254431291,-0.0,0.8925985254431291,-0.0,0.8925985254431291,-0.0,0.8925985254431291,-0.0,0.8925985254431292,-0.0,0.8925985254431291,-0.0,0.8925985254431291,-0.0,0.8925985254431291,-0.0
104,0.8925985254431292,-0.0,0.8925985254431291,-0.0,0.8925985254431291,-0.0,0.8925985254431291,-0.0,0.8925985254431292,-0.0,0.8925985254431291,-0.0,0.8925985254431291,-0.0,0.8925985254431291,-0.0,0.8925985254431291,-0.0,0.8925985254431291,-0.0,0.8925985254431292,-0.0,0.8925985254431291,-0.0,0.8925985254431291,-0.0,0.8925985254431291,-0.0
105,0.8925985254431292,-0.0,0.8925985254431291,-0.0,0.8925985254431291,-0.0,0.8925985254431291,-0.0,0.8925985254431292,-0.0,0.8925985254431291,-0.0,0.8925985254431291,-0.0,0.8925985254431291,-0.0,0.8925985254431291,-0.0,0.8925985254431291,-0.0,0.8925985254431292,-0.0,0.8925985254431291,-0.0,0.8925985254431291,-0.0,0.8925985254431291,-0.0
106,0.8925985254431292,-0.0,0.8925985254431291,-0.0,0.8925985254431291,-0.0,0.8925985254431291,-0.0,0.8925985254431292,-0.0,0.8925985254431291,-0.0,0.8925985254431291,-0.0,0.8925985254431291,-0.0,0.8925985254431291,-0.0,0.8925985254431291,-0.0,0.8925985254431292,-0.0,0.8925985254431291,-0.0,0.8925985254431291,-0.0,0.8925985254431291,-0.0
107,0.8925985254431292,-0.0,0.8925985254431291,-0.0,0.8925985254431291,-0.0,0.8925985254431291,-0.0,0.8925985254431292,-0.0,0.8925985254431291,-0.0,0.8925985254431291,-0.0,0.8925985254431291,-0.0,0.8925985254431291,-0.0,0.8925985254431291,-0.0,0.8925985254431292,-0.0,0.8925985254431291,-0.0,0.8925985254431291,-0.0,0.8925985254431291,-0.0
108,0.8925985254431292,-0.0,0.8925985254431291,-0.0,0.8925985254431291,-0.0,0.8925985254431291,-0.0,0.8925985254431292,-0.0,0.8925985254431291,-0.0,0.8925985254431291,-0.0,0.8925985254431291,-0.0,0.8925985254431291,-0.0,0.8925985254431291,-0.0,0.8925985254431292,-0.0,0.8925985254431291,-0.0,0.8925985254431291,-0.0,0.8925985254431291,-0.0
109,0.8925985254431292,-0.0,0.8925985254431291,-0.0,0.8925985254431291,-0.0,0.8925985254431291,-0.0,0.8925985254431292,-0.0,0.8925985254431291,-0.0,0.8925985254431291,-0.0,0.8925985254431291,-0.0,0.8925985254431291,-0.0,0.8925985254431291,-0.0,0.8925985254431292,-0.0,0.8925985254431291,-0.0,0.8925985254431291,-0.0,0.8925985254431291,-0.0
110,0.8925985254431292,-0.0,0.8925985254431291,-0.0,0.8925985254431291,-0.0,0.8925985254431291,-0.0,0.8925985254431292,-0.0,0.8925985254431291,-0.0,0.8925985254431291,-0.0,0.8925985254431291,-0.0,0.8925985254431291,-0.0,0.8925985254431291,-0.0,0.8925985254431292,-0.0,0.8925985254431291,-0.0,0.8925985254431291,-0.0,0.8925985254431291,-0.0
111,0.8925985254431292,-0.0,0.8925985254431291,-0.0,0.8925985254431291,-0.0,0.8925985254431291,-0.0,0.8925985254431292,-0.0,0.8925985254431291,-0.0,0.8925985254431291,-0.0,0.8925985254431291,-0.0,0.8925985254431291,-0.0,0.8925985254431291,-0.0,0.8925985254431292,-0.0,0.8925985254431291,-0.0,0.8925985254431291,-0.0,0.8925985254431291,-0.0
112,0.8925985254431292,-0.0,0.8925985254431291,-0.0,0.8925985254431291,-0.0,0.8925985254431291,-0.0,0.8925985254431292,-0.0,0.8925985254431291,-0.0,0.8925985254431291,-0.0,0.8925985254431291,-0.0,0.8925985254431291,-0.0,0.8925985254431291,-0.0,0.8925985254431292,-0.0,0.8925985254431291,-0.0,0.8925985254431291,-0.0,0.8925985254431291,-0.0
113,0.8925985254431292,-0.0,0.8925985254431291,-0.0,0.8925985254431291,-0.0,0.8925985254431291,-0.0,0.8925985254431292,-0.0,0.8925985254431291,-0.0,0.8925985254431291,-0.0,0.8925985254431291,-0.0,0.8925985254431291,-0.0,0.8925985254431291,-0.0,0.8925985254431292,-0.0,0.8925985254431291,-0.0,0.8925985254431291,-0.0,0.8925985254431291,-0.0
114,0.8925985254431292,-0.0,0.8925985254431291,-0.0,0.8925985254431291,-0.0,0.8925985254431291,-0.0,0.8925985254431292,-0.0,0.8925985254431291,-0.0,0.8925985254431291,-0.0,0.8925985254431291,-0.0,0.8925985254431291,-0.0,0.8925985254431291,-0.0,0.8925985254431292,-0.0,0.8925985254431291,-0.0,0.8925985254431291,-0.0,0.8925985254431291,-0.0
115,0.8925985254431292,-0.0,0.8925985254431291,-0.0,0.8925985254431291,-0.0,0.8925985254431291,-0.0,0.8925985254431292,-0.0,0.8925985254431291,-0.0,0.8925985254431291,-0.0,0.8925985254431291,-0.0,0.8925985254431291,-0.0,0.8925985254431291,-0.0,0.8925985254431292,-0.0,0.8925985254431291,-0.0,0.8925985254431291,-0.0,0.8925985254431291,-0.0
116,0.8925985254431292,-0.0,0.8925985254431291,-0.0,0.8925985254431291,-0.0,0.8925985254431291,-0.0,0.8925985254431292,-0.0,0.8925985254431291,-0.0,0.8925985254431291,-0.0,0.8925985254431291,-0.0,0.8925985254431291,-0.0,0.8925985254431291,-0.0,0.8925985254431292,-0.0,0.8925985254431291,-0.0,0.8925985254431291,-0.0,0.8925985254431291,-0.0
117,0.8925985254431292,-0.0,0.8925985254431291,-0.0,0.8925985254431291,-0.0,0.8925985254431291,-0.0,0.8925985254431292,-0.0,0.8925985254431291,-0.0,0.8925985254431291,-0.0,0.8925985254431291,-0.0,0.8925985254431291,-0.0,0.8925985254431291,-0.0,0.8925985254431292,-0.0,0.8925985254431291,-0.0,0.8925985254431291,-0.0,0.8925985254431291,-0.0
118,0.8925985254431292,-0.0,0.8925985254431291,-0.0,0.8925985254431291,-0.0,0.8925985254431291,-0.0,0.8925985254431292,-0.0,0.8925985254431291,-0.0,0.8925985254431291,-0.0,0.8925985254431291,-0.0,0.8925985254431291,-0.0,0.8925985254431291,-0.0,0.8925985254431292,-0.0,0.8925985254431291,-0.0,0.8925985254431291,-0.0,0.8925985254431291,-0.0
119,0.8925985254431292,-0.0,0.8925985254431291,-0.0,0.8925985254431291,-0.0,0.8925985254431291,-0.0,0.8925985254431292,-0.0,0.8925985254431291,-0.0,0.8925985254431291,-0.0,0.8925985254431291,-0.0,0.8925985254431291,-0.0,0.8925985254431291,-0.0,0.8925985254431292,-0.0,0.8925985254431291,-0.0,0.8925985254431291,-0.0,0.8925985254431291,-0.0
120,0.8925985254431292,-0.0,0.8925985254431291,-0.0,0.8925985254431291,-0.0,0.8925985254431291,-0.0,0.8925985254431292,-0.0,0.8925985254431291,-0.0,0.8925985254431291,-0.0,0.8925985254431291,-0.0,0.8925985254431291,-0.0,0.8925985254431291,-0.0,0.8925985254431292,-0.0,0.8925985254431291,-0.0,0.8925985254431291,-0.0,0.8925985254431291,-0.0
121,0.8925985254431292,-0.0,0.8925985254431291,-0.0,0.8925985254431291,-0.0,0.8925985254431291,-0.0,0.8925985254431292,-0.0,0.8925985254431291,-0.0,0.8925985254431291,-0.0,0.8925985254431291,-0.0,0.8925985254431291,-0.0,0.8925985254431291,-0.0,0.8925985254431292,-0.0,0.8925985254431291,-0.0,0.8925985254431291,-0.0,0.8925985254431291,-0.0
122,0.8925985254431292,-0.0,0.8925985254431291,-0.0,0.8925985254431291,-0.0,0.8925985254431291,-0.0,0.8925985254431292,-0.0,0.8925985254431291,-0.0,0.8925985254431291,-0.0,0.8925985254431291,-0.0,0.8925985254431291,-0.0,0.8925985254431291,-0.0,0.8925985254431292,-0.0,0.8925985254431291,-0.0,0.8925985254431291,-0.0,0.8925985254431291,-0.0
123,0.8925985254431292,-0.0,0.8925985254431291,-0.0,0.8925985254431291,-0.0,0.8925985254431291,-0.0,0.8925985254431292,-0.0,0.8925985254431291,-0.0,0.8925985254431291,-0.0,0.8925985254431291,-0.0,0.8925985254431291,-0.0,0.8925985254431291,-0.0,0.8925985254431292,-0.0,0.8925985254431291,-0.0,0.8925985254431291,-0.0,0.8925985254431291,-0.0
124,0.8925985254431292,-0.0,0.8925985254431291,-0.0,0.8925985254431291,-0.0,0.8925985254431291,-0.0,0.8925985254431292,-0.0,0.8925985254431291,-0.0,0.8925985254431291,-0.0,0.8925985254431291,-0.0,0.8925985254431291,-0.0,0.8925985254431291,-0.0,0.8925985254431292,-0.0,0.8925985254431291,-0.0,0.8925985254431291,-0.0,0.8925985254431291,-0.0
125,0.8925985254431292,-0.0,0.8925985254431291,-0.0,0.8925985254431291,-0.0,0.8925985254431291,-0.0,0.8925985254431292,-0.0,0.8925985254431291,-0.0,0.8925985254431291,-0.0,0.8925985254431291,-0.0,0.8925985254431291,-0.0,0.8925985254431291,-0.0,0.8925985254431292,-0.0,0.8925985254431291,-0.0,0.8925985254431291,-0.0,0.8925985254431291,-0.0
126,0.8925985254431292,-0.0,0.8925985254431291,-0.0,0.8925985254431291,-0.0,0.8925985254431291,-0.0,0.8925985254431292,-0.0,0.8925985254431291,-0.0,0.8925985254431291,-0.0,0.8925985254431291,-0.0,0.8925985254431291,-0.0,0.8925985254431291,-0.0,0.8925985254431292,-0.0,0.8925985254431291,-0.0,0.8925985254431291,-0.0,0.8925985254431291,-0.0
127,0.14259852544312915,-0.75,0.14259852544312915,-0.7499999999999999,0.14259852544312918,-0.7499999999999999,0.14259852544312915,-0.7499999999999999,0.14259852544312915,-0.75,0.14259852544312915,-0.75,0.14259852544312915,-0.75,0.14259852544312918,-0.7499999999999999,0.14259852544312918,-0.7499999999999999,0.14259852544312915,-0.75,0.14259852544312915,-0.75,0.14259852544312918,-0.7499999999999999,0.14259852544312915,-0.75,0.14259852544312915,-0.75
128,0.14259852544312915,-0.75,0.14259852544312915,-0.7499999999999999,0.14259852544312918,-0.7499999999999999,0.14259852544312915,-0.7499999999999999,0.14259852544312915,-0.75,0.14259852544312915,-0.75,0.14259852544312915,-0.75,0.14259852544312918,-0.7499999999999999,0.14259852544312918,-0.7499999999999999,0.14259852544312915,-0.75,0.14259852544312915,-0.75,0.14259852544312918,-0.7499999999999999,0.14259852544312915,-0.75,0.14259852544312915,-0.75
129,0.14259852544312915,-0.75,0.14259852544312915,-0.7499999999999999,0.14259852544312918,-0.7499999999999999,0.14259852544312915,-0.7499999999999999,0.14259852544312915,-0.75,0.14259852544312915,-0.75,0.14259852544312915,-0.75,0.14259852544312918,-0.7499999999999999,0.14259852544312918,-0.7499999999999999,0.14259852544312915,-0.75,0.14259852544312915,-0.75,0.14259852544312918,-0.7499999999999999,0.14259852544312915,-0.75,0.14259852544312915,-0.75
130,0.14259852544312915,-0.75,0.14259852544312915,-0.7499999999999999,0.14259852544312918,-0.7499999999999999,0.14259852544312915,-0.7499999999999999,0.14259852544312915,-0.75,0.14259852544312915,-0.75,0.14259852544312915,-0.75,0.14259852544312918,-0.7499999999999999,0.14259852544312918,-0.7499999999999999,0.14259852544312915,-0.75,0.14259852544312915,-0.75,0.14259852544312918,-0.7499999999999999,0.14259852544312915,-0.75,0.14259852544312915,-0.75
131,0.14259852544312915,-0.75,0.14259852544312915,-0.7499999999999999,0.14259852544312918,-0.7499999999999999,0.14259852544312915,-0.7499999999999999,0.14259852544312915,-0.75,0.14259852544312915,-0.75,0.14259852544312915,-0.75,0.14259852544312918,-0.7499999999999999,0.14259852544312918,-0.7499999999999999,0.14259852544312915,-0.75,0.14259852544312915,-0.75,0.14259852544312918,-0.7499999999999999,0.14259852544312915,-0.75,0.14259852544312915,-0.75
132,0.14259852544312915,-0.75,0.14259852544312915,-0.7499999999999999,0.14259852544312918,-0.7499999999999999,0.14259852544312915,-0.7499999999999999,0.14259852544312915,-0.75,0.14259852544312915,-0.75,0.14259852544312915,-0.75,0.14259852544312918,-0.7499999999999999,0.14259852544312918,-0.7499999999999999,0.14259852544312915,-0.75,0.14259852544312915,-0.75,0.14259852544312918,-0.7499999999999999,0.14259852544312915,-0.75,0.14259852544312915,-0.75
133,0.14259852544312915,-0.75,0.14259852544312915,-0.7499999999999999,0.14259852544312918,-0.7499999999999999,0.14259852544312915,-0.7499999999999999,0.14259852544312915,-0.75,0.14259852544312915,-0.75,0.14259852544312915,-0.75,0.14259852544312918,-0.7499999999999999,0.14259852544312918,-0.7499999999999999,0.14259852544312915,-0.75,0.14259852544312915,-0.75,0.14259852544312918,-0.7499999999999999,0.14259852544312915,-0.75,0.14259852544312915,-0.75
134,0.14259852544312915,-0.75,0.14259852544312915,-0.7499999999999999,0.14259852544312918,-0.7499999999999999,0.14259852544312915,-0.7499999999999999,0.14259852544312915,-0.75,0.14259852544312915,-0.75,0.14259852544312915,-0.75,0.14259852544312918,-0.7499999999999999,0.14259852544312918,-0.7499999999999999,0.14259852544312915,-0.75,0.14259852544312915,-0.75,0.14259852544312918,-0.7499999999999999,0.14259852544312915,-0.75,0.14259852544312915,-0.75
135,0.14259852544312915,-0.75,0.14259852544312915,-0.7499999999999999,0.14259852544312918,-0.7499999999999999,0.14259852544312915,-0.7499999999999999,0.14259852544312915,-0.75,0.14259852544312915,-0.75,0.14259852544312915,-0.75,0.14259852544312918,-0.7499999999999999,0.14259852544312918,-0.7499999999999999,0.14259852544312915,-0.75,0.14259852544312915,-0.75,0.14259852544312918,-0.7499999999999999,0.14259852544312915,-0.75,0.14259852544312915,-0.75
136,0.14259852544312915,-0.75,0.14259852544312915,-0.7499999999999999,0.14259852544312918,-0.7499999999999999,0.14259852544312915,-0.7499999999999999,0.14259852544312915,-0.75,0.14259852544312915,-0.75,0.14259852544312915,-0.75,0.14259852544312918,-0.7499999999999999,0.14259852544312918,-0.7499999999999999,0.14259852544312915,-0.75,0.14259852544312915,-0.75,0.14259852544312918,-0.7499999999999999,0.14259852544312915,-0.75,0.14259852544312915,-0.75
137,0.14259852544312915,-0.75,0.14259852544312915,-0.7499999999999999,0.14259852544312918,-0.7499999999999999,0.14259852544312915,-0.7499999999999999,0.14259852544312915,-0.75,0.14259852544312915,-0.75,0.14259852544312915,-0.75,0.14259852544312918,-0.7499999999999999,0.14259852544312918,-0.7499999999999999,0.14259852544312915,-0.75,0.14259852544312915,-0.75,0.14259852544312918,-0.7499999999999999,0.14259852544312915,-0.75,0.14259852544312915,-0.75
138,0.14259852544312915,-0.75,0.14259852544312915,-0.7499999999999999,0.14259852544312918,-0.7499999999999999,0.14259852544312915,-0.7499999999999999,0.14259852544312915,-0.75,0.14259852544312915,-0.75,0.14259852544312915,-0.75,0.14259852544312918,-0.7499999999999999,0.14259852544312918,-0.7499999999999999,0.14259852544312915,-0.75,0.14259852544312915,-0.75,0.14259852544312918,-0.7499999999999999,0.14259852544312915,-0.75,0.14259852544312915,-0.75
139,0.14259852544312915,-0.75,0.14259852544312915,-0.7499999999999999,0.14259852544312918,-0.7499999999999999,0.14259852544312915,-0.7499999999999999,0.14259852544312915,-0.75,0.14259852544312915,-0.75,0.14259852544312915,-0.75,0.14259852544312918,-0.7499999999999999,0.14259852544312918,-0.7499999999999999,0.14259852544312915,-0.75,0.14259852544312915,-0.75,0.14259852544312918,-0.7499999999999999,0.14259852544312915,-0.75,0.14259852544312915,-0.75
140,0.14259852544312915,-0.75,0.14259852544312915,-0.7499999999999999,0.14259852544312918,-0.7499999999999999,0.14259852544312915,-0.7499999999999999,0.14259852544312915,-0.75,0.14259852544312915,-0.75,0.14259852544312915,-0.75,0.14259852544312918,-0.7499999999999999,0.14259852544312918,-0.7499999999999999,0.14259852544312915,-0.75,0.14259852544312915,-0.75,0.14259852544312918,-0.7499999999999999,0.14259852544312915,-0.75,0.14259852544312915,-0.75
141,0.8925985254431292,-0.0,0.8925985254431291,-0.0,0.8925985254431291,-0.0,0.8925985254431291,-0.0,0.8925985254431292,-0.0,0.8925985254431291,-0.0,0.8925985254431291,-0.0,0.8925985254431291,-0.0,0.8925985254431291,-0.0,0.8925985254431291,-0.0,0.8925985254431292,-0.0,0.8925985254431291,-0.0,0.8925985254431291,-0.0,0.8925985254431291,-0.0
142,0.8925985254431292,-0.0,0.8925985254431291,-0.0,0.8925985254431291,-0.0,0.8925985254431291,-0.0,0.8925985254431292,-0.0,0.8925985254431291,-0.0,0.8925985254431291,-0.0,0.8925985254431291,-0.0,0.8925985254431291,-0.0,0.8925985254431291,-0.0,0.8925985254431292,-0.0,0.8925985254431291,-0.0,0.8925985254431291,-0.0,0.8925985254431291,-0.0
143,0.8925985254431292,-0.0,0.8925985254431291,-0.0,0.8925985254431291,-0.0,0.8925985254431291,-0.0,0.8925985254431292,-0.0,0.8925985254431291,-0.0,0.8925985254431291,-0.0,0.8925985254431291,-0.0,0.8925985254431291,-0.0,0.8925985254431291,-0.0,0.8925985254431292,-0.0,0.8925985254431291,-0.0,0.8925985254431291,-0.0,0.8925985254431291,-0.0
144,0.8925985254431292,-0.0,0.8925985254431291,-0.0,0.8925985254431291,-0.0,0.8925985254431291,-0.0,0.8925985254431292,-0.0,0.8925985254431291,-0.0,0.8925985254431291,-0.0,0.8925985254431291,-0.0,0.8925985254431291,-0.0,0.8925985254431291,-0.0,0.8925985254431292,-0.0,0.8925985254431291,-0.0,0.8925985254431291,-0.0,0.8925985254431291,-0.0
145,0.8925985254431292,-0.0,0.8925985254431291,-0.0,0.8925985254431291,-0.0,0.8925985254431291,-0.0,0.8925985254431292,-0.0,0.8925985254431291,-0.0,0.8925985254431291,-0.0,0.8925985254431291,-0.0,0.8925985254431291,-0.0,0.8925985254431291,-0.0,0.8925985254431292,-0.0,0.8925985254431291,-0.0,0.8925985254431291,-0.0,0.8925985254431291,-0.0
146,0.8925985254431292,-0.0,0.8925985254431291,-0.0,0.8925985254431291,-0.0,0.8925985254431291,-0.0,0.8925985254431292,-0.0,0.8925985254431291,-0.0,0.8925985254431291,-0.0,0.8925985254431291,-0.0,0.8925985254431291,-0.0,0.8925985254431291,-0.0,0.8925985254431292,-0.0,0.8925985254431291,-0.0,0.8925985254431291,-0.0,0.8925985254431291,-0.0
147,0.5703941017725166,-0.3222044236706125,0.5703941017725166,-0.3222044236706126,0.5703941017725166,-0.3222044236706125,0.5703941017725166,-0.3222044236706126,0.5703941017725166,-0.3222044236706125,0.5703941017725167,-0.3222044236706125,0.5703941017725166,-0.3222044236706125,0.5703941017725165,-0.3222044236706127,0.5703941017725166,-0.3222044236706126,0.5703941017725167,-0.3222044236706125,0.5703941017725166,-0.3222044236706125,0.5703941017725166,-0.3222044236706125,0.5703941017725165,-0.3222044236706127,0.5703941017725167,-0.32220442367061247
148,0.14259852544312915,-0.75,0.14259852544312915,-0.7499999999999999,0.14259852544312918,-0.7499999999999999,0.14259852544312915,-0.7499999999999999,0.14259852544312915,-0.75,0.14259852544312915,-0.75,0.14259852544312915,-0.75,0.14259852544312918,-0.7499999999999999,0.14259852544312918,-0.7499999999999999,0.14259852544312915,-0.75,0.14259852544312915,-0.75,0.14259852544312918,-0.7499999999999999,0.14259852544312915,-0.75,0.14259852544312915,-0.75
149,0.13650693794847119,-0.7560915874946579,0.13650693794847113,-0.756091587494658,0.13650693794847124,-0.756091587494658,0.13650693794847113,-0.756091587494658,0.13650693794847119,-0.7560915874946579,0.1365069379484713,-0.7560915874946579,0.13650693794847124,-0.7560915874946579,0.13650693794847124,-0.756091587494658,0.1365069379484712,-0.756091587494658,0.1365069379484713,-0.7560915874946579,0.13650693794847119,-0.7560915874946579,0.13650693794847124,-0.756091587494658,0.13650693794847119,-0.756091587494658,0.13650693794847124,-0.7560915874946579
150,0.0,-0.8925985254431292,0.0,-0.8925985254431291,0.0,-0.8925985254431291,0.0,-0.8925985254431291,0.0,-0.8925985254431292,0.0,-0.8925985254431291,0.0,-0.8925985254431291,0.0,-0.8925985254431291,0.0,-0.8925985254431291,0.0,-0.8925985254431291,0.0,-0.8925985254431292,0.0,-0.8925985254431291,0.0,-0.8925985254431291,0.0,-0.8925985254431291
151,0.0,-0.8925985254431292,0.0,-0.8925985254431291,0.0,-0.8925985254431291,0.0,-0.8925985254431291,0.0,-0.8925985254431292,0.0,-0.8925985254431291,0.0,-0.8925985254431291,0.0,-0.8925985254431291,0.0,-0.8925985254431291,0.0,-0.8925985254431291,0.0,-0.8925985254431292,0.0,-0.8925985254431291,0.0,-0.8925985254431291,0.0,-0.8925985254431291
152,0.0,-0.8925985254431292,0.0,-0.8925985254431291,0.0,-0.8925985254431291,0.0,-0.8925985254431291,0.0,-0.8925985254431292,0.0,-0.8925985254431291,0.0,-0.8925985254431291,0.0,-0.8925985254431291,0.0,-0.8925985254431291,0.0,-0.8925985254431291,0.0,-0.8925985254431292,0.0,-0.8925985254431291,0.0,-0.8925985254431291,0.0,-0.8925985254431291
153,0.03461129258328377,-0.8579872328598455,0.03461129258328377,-0.8579872328598454,0.03461129258328378,-0.8579872328598454,0.03461129258328377,-0.8579872328598454,0.03461129258328377,-0.8579872328598455,0.03461129258328376,-0.8579872328598455,0.03461129258328378,-0.8579872328598454,0.034611292583283784,-0.8579872328598454,0.03461129258328379,-0.8579872328598454,0.03461129258328376,-0.8579872328598455,0.03461129258328377,-0.8579872328598455,0.03461129258328378,-0.8579872328598454,0.034611292583283756,-0.8579872328598455,0.03461129258328378,-0.8579872328598455
154,0.14259852544312915,-0.75,0.14259852544312915,-0.7499999999999999,0.14259852544312918,-0.7499999999999999,0.14259852544312915,-0.7499999999999999,0.14259852544312915,-0.75,0.14259852544312915,-0.75,0.14259852544312915,-0.75,0.14259852544312918,-0.7499999999999999,0.14259852544312918,-0.7499999999999999,0.14259852544312915,-0.75,0.14259852544312915,-0.75,0.14259852544312918,-0.7499999999999999,0.14259852544312915,-0.75,0.14259852544312915,-0.75
155,0.14259852544312915,-0.75,0.14259852544312915,-0.7499999999999999,0.14259852544312918,-0.7499999999999999,0.14259852544312915,-0.7499999999999999,0.14259852544312915,-0.75,0.14259852544312915,-0.75,0.14259852544312915,-0.75,0.14259852544312918,-0.7499999999999999,0.14259852544312918,-0.7499999999999999,0.14259852544312915,-0.75,0.14259852544312915,-0.75,0.14259852544312918,-0.7499999999999999,0.14259852544312915,-0.75,0.14259852544312915,-0.75
156,0.14259852544312915,-0.75,0.14259852544312915,-0.7499999999999999,0.14259852544312918,-0.7499999999999999,0.14259852544312915,-0.7499999999999999,0.14259852544312915,-0.75,0.14259852544312915,-0.75,0.14259852544312915,-0.75,0.14259852544312918,-0.7499999999999999,0.14259852544312918,-0.7499999999999999,0.14259852544312915,-0.75,0.14259852544312915,-0.75,0.14259852544312918,-0.7499999999999999,0.14259852544312915,-0.75,0.14259852544312915,-0.75
157,0.14259852544312915,-0.75,0.14259852544312915,-0.7499999999999999,0.14259852544312918,-0.7499999999999999,0.14259852544312915,-0.7499999999999999,0.14259852544312915,-0.75,0.14259852544312915,-0.75,0.14259852544312915,-0.75,0.14259852544312918,-0.7499999999999999,0.14259852544312918,-0.7499999999999999,0.14259852544312915,-0.75,0.14259852544312915,-0.75,0.14259852544312918,-0.7499999999999999,0.14259852544312915,-0.75,0.14259852544312915,-0.75
158,0.14259852544312915,-0.75,0.14259852544312915,-0.7499999999999999,0.14259852544312918,-0.7499999999999999,0.14259852544312915,-0.7499999999999999,0.14259852544312915,-0.75,0.14259852544312915,-0.75,0.14259852544312915,-0.75,0.14259852544312918,-0.7499999999999999,0.14259852544312918,-0.7499999999999999,0.14259852544312915,-0.75,0.14259852544312915,-0.75,0.14259852544312918,-0.7499999999999999,0.14259852544312915,-0.75,0.14259852544312915,-0.75
159,0.14259852544312915,-0.75,0.14259852544312915,-0.7499999999999999,0.14259852544312918,-0.7499999999999999,0.14259852544312915,-0.7499999999999999,0.14259852544312915,-0.75,0.14259852544312915,-0.75,0.14259852544312915,-0.75,0.14259852544312918,-0.7499999999999999,0.14259852544312918,-0.7499999999999999,0.14259852544312915,-0.75,0.14259852544312915,-0.75,0.14259852544312918,-0.7499999999999999,0.14259852544312915,-0.75,0.14259852544312915,-0.75
160,0.14259852544312915,-0.75,0.14259852544312915,-0.7499999999999999,0.14259852544312918,-0.7499999999999999,0.14259852544312915,-0.7499999999999999,0.14259852544312915,-0.75,0.14259852544312915,-0.75,0.14259852544312915,-0.75,0.14259852544312918,-0.7499999999999999,0.14259852544312918,-0.7499999999999999,0.14259852544312915,-0.75,0.14259852544312915,-0.75,0.14259852544312918,-0.7499999999999999,0.14259852544312915,-0.75,0.14259852544312915,-0.75
161,0.14259852544312915,-0.75,0.14259852544312915,-0.7499999999999999,0.14259852544312918,-0.7499999999999999,0.14259852544312915,-0.7499999999999999,0.14259852544312915,-0.75,0.14259852544312915,-0.75,0.14259852544312915,-0.75,0.14259852544312918,-0.7499999999999999,0.14259852544312918,-0.7499999999999999,0.14259852544312915,-0.75,0.14259852544312915,-0.75,0.14259852544312918,-0.7499999999999999,0.14259852544312915,-0.75,0.14259852544312915,-0.75
162,0.8925985254431292,-0.0,0.8925985254431291,-0.0,0.8925985254431291,-0.0,0.8925985254431291,-0.0,0.8925985254431292,-0.0,0.8925985254431291,-0.0,0.8925985254431291,-0.0,0.8925985254431291,-0.0,0.8925985254431291,-0.0,0.8925985254431291,-0.0,0.8925985254431292,-0.0,0.8925985254431291,-0.0,0.8925985254431291,-0.0,0.8925985254431291,-0.0
163,0.8925985254431292,-0.0,0.8925985254431291,-0.0,0.8925985254431291,-0.0,0.8925985254431291,-0.0,0.8925985254431292,-0.0,0.8925985254431291,-0.0,0.8925985254431291,-0.0,0.8925985254431291,-0.0,0.8925985254431291,-0.0,0.8925985254431291,-0.0,0.8925985254431292,-0.0,0.8925985254431291,-0.0,0.8925985254431291,-0.0,0.8925985254431291,-0.0
164,0.8925985254431292,-0.0,0.8925985254431291,-0.0,0.8925985254431291,-0.0,0.8925985254431291,-0.0,0.8925985254431292,-0.0,0.8925985254431291,-0.0,0.8925985254431291,-0.0,0.8925985254431291,-0.0,0.8925985254431291,-0.0,0.8925985254431291,-0.0,0.8925985254431292,-0.0,0.8925985254431291,-0.0,0.8925985254431291,-0.0,0.8925985254431291,-0.0
165,0.8925985254431292,-0.0,0.8925985254431291,-0.0,0.8925985254431291,-0.0,0.8925985254431291,-0.0,0.8925985254431292,-0.0,0.8925985254431291,-0.0,0.8925985254431291,-0.0,0.8925985254431291,-0.0,0.8925985254431291,-0.0,0.8925985254431291,-0.0,0.8925985254431292,-0.0,0.8925985254431291,-0.0,0.8925985254431291,-0.0,0.8925985254431291,-0.0
166,0.8925985254431292,-0.0,0.8925985254431291,-0.0,0.8925985254431291,-0.0,0.8925985254431291,-0.0,0.8925985254431292,-0.0,0.8925985254431291,-0.0,0.8925985254431291,-0.0,0.8925985254431291,-0.0,0.8925985254431291,-0.0,0.8925985254431291,-0.0,0.8925985254431292,-0.0,0.8925985254431291,-0.0,0.8925985254431291,-0.0,0.8925985254431291,-0.0
167,0.8925985254431292,-0.0,0.8925985254431291,-0.0,0.8925985254431291,-0.0,0.8925985254431291,-0.0,0.8925985254431292,-0.0,0.8925985254431291,-0.0,0.8925985254431291,-0.0,0.8925985254431291,-0.0,0.8925985254431291,-0.0,0.8925985254431291,-0.0,0.8925985254431292,-0.0,0.8925985254431291,-0.0,0.8925985254431291,-0.0,0.8925985254431291,-0.0
